{
	"format_version": "1.8.0",
	"animations": {
		"animation.Xerneas.pose": {
			"loop": true,
			"bones": {
				"tail": {
					"rotation": [15, 0, 0]
				},
				"head": {
					"rotation": [-10, -5, -5]
				},
				"antler": {
					"scale": [2, 1.5, 1]
				},
				"antler4": {
					"scale": [2, 1.5, 1]
				},
				"antler2": {
					"scale": [2, 1.5, 1]
				},
				"antler5": {
					"scale": [2, 1.5, 1]
				},
				"antler3": {
					"scale": [2, 1.5, 1]
				},
				"antler6": {
					"scale": [2, 1.5, 1]
				},
				"frontleg": {
					"rotation": [-85, 0, 0],
					"scale": [1, 1.1, 0.7]
				},
				"frontleg2": {
					"rotation": [100, 0, 0],
					"scale": [1, 1.6, 0.8]
				},
				"frontleg3": {
					"rotation": [-5, 0, 0],
					"scale": [1, 1, 0.7]
				},
				"backleg": {
					"scale": [1, 1, 0.7]
				},
				"backleg2": {
					"rotation": [5, 0, 0],
					"scale": [1, 1, 0.7]
				},
				"antler7": {
					"scale": [2, 1.5, 1]
				},
				"antler8": {
					"rotation": [0, 0, 0],
					"scale": [2, 1.5, 1]
				},
				"charge": {
					"scale": 0
				},
				"charge2": {
					"scale": 0
				},
				"aurorabeam": {
					"scale": 0
				}
			}
		},
		"animation.Xerneas.walk": {
			"loop": true,
			"bones": {
				"tail": {
					"rotation": [15, 0, 0]
				},
				"head": {
					"rotation": [-25, 0, 0]
				},
				"antler": {
					"scale": [2, 1.5, 1]
				},
				"antler4": {
					"scale": [2, 1.5, 1]
				},
				"antler2": {
					"scale": [2, 1.5, 1]
				},
				"antler5": {
					"scale": [2, 1.5, 1]
				},
				"antler3": {
					"scale": [2, 1.5, 1]
				},
				"antler6": {
					"scale": [2, 1.5, 1]
				},
				"frontleg": {
					"rotation": [0, 0, 0],
					"scale": [1, 1, 0.7]
				},
				"frontleg2": {
					"rotation": [0, 0, 0],
					"scale": 1
				},
				"frontleg3": {
					"rotation": [0, 0, 0],
					"scale": [1, 1, 0.7]
				},
				"backleg": {
					"scale": [1, 1, 0.7]
				},
				"backleg2": {
					"rotation": [5, 0, 0],
					"scale": [1, 1, 0.7]
				},
				"antler7": {
					"scale": [2, 1.5, 1]
				},
				"antler8": {
					"rotation": [0, 0, 0],
					"scale": [2, 1.5, 1]
				},
				"charge": {
					"rotation": [30, 0, 0],
					"position": [0, 0, -3],
					"scale": [2.5, 1, 2.5]
				},
				"charge2": {
					"rotation": [-20, 0, 0],
					"position": [0, 0, -7],
					"scale": [2.5, 1, 2.5]
				},
				"aurorabeam": {
					"scale": [2.5, 2.5, 2.6]
				},
				"frontleg4": {
					"scale": 1
				}
			}
		},
		"animation.Xerneas.charge": {
			"loop": true,
			"animation_length": 0.64,
			"bones": {
				"tail": {
					"rotation": [15, 0, 0]
				},
				"head": {
					"rotation": [0, 0, 0]
				},
				"antler": {
					"scale": [2, 1.5, 1]
				},
				"antler4": {
					"scale": [2, 1.5, 1]
				},
				"antler2": {
					"scale": [2, 1.5, 1]
				},
				"antler5": {
					"scale": [2, 1.5, 1]
				},
				"antler3": {
					"scale": [2, 1.5, 1]
				},
				"antler6": {
					"scale": [2, 1.5, 1]
				},
				"frontleg": {
					"rotation": [0, 0, 0],
					"scale": [1, 1, 0.7]
				},
				"frontleg2": {
					"rotation": [0, 0, 0],
					"scale": 1
				},
				"frontleg3": {
					"rotation": [0, 0, 0],
					"scale": [1, 1, 0.7]
				},
				"backleg": {
					"scale": [1, 1, 0.7]
				},
				"backleg2": {
					"rotation": [5, 0, 0],
					"scale": [1, 1, 0.7]
				},
				"antler7": {
					"scale": [2, 1.5, 1]
				},
				"antler8": {
					"rotation": [0, 0, 0],
					"scale": [2, 1.5, 1]
				},
				"charge": {
					"rotation": {
						"0.0": [0, 0, 0],
						"0.3167": [0, 0, 180],
						"0.6333": [0, 0, 360]
					},
					"position": [0, 7, -3],
					"scale": [2.5, 1, 1.8]
				},
				"charge2": {
					"rotation": {
						"0.0": [0, 0, 0],
						"0.3167": [-180, 0, 0],
						"0.6333": [-360, 0, 0]
					},
					"position": [0, 6, -1],
					"scale": [2.5, 1, 1.8]
				},
				"aurorabeam": {
					"scale": 0
				},
				"frontleg4": {
					"scale": 1
				}
			}
		},
		"animation.Xerneas.walk2": {
			"loop": true,
			"animation_length": 1.04,
			"bones": {
				"tail": {
					"rotation": {
						"0.0": [15, 0, 0],
						"0.5167": [5, 0, 0],
						"1.0333": [15, 0, 0]
					}
				},
				"head": {
					"rotation": {
						"0.0": [0, 0, 0],
						"0.5167": [-2, 0, 0],
						"1.0333": [0, 0, 0]
					}
				},
				"frontleg": {
					"rotation": {
						"0.0": [15, 0, 0],
						"0.5167": [-40, 0, 0],
						"1.0333": [15, 0, 0]
					},
					"position": {
						"0.0": [0, 0, 0],
						"0.5167": [0, 0, 1],
						"1.0333": [0, 0, 0]
					},
					"scale": [1, 1, 0.7]
				},
				"frontleg2": {
					"rotation": {
						"0.0": [-17.5, 0, 0],
						"0.5167": [42.5, 0, 0],
						"1.0333": [-17.5, 0, 0]
					},
					"scale": 1
				},
				"frontleg3": {
					"rotation": {
						"0.0": [-40, 0, 0],
						"0.5167": [15, 0, 0],
						"1.0333": [-40, 0, 0]
					},
					"position": {
						"0.0": [0, 0, 1],
						"0.5167": [0, 0, 0],
						"1.0333": [0, 0, 1]
					},
					"scale": [1, 1, 0.7]
				},
				"backleg": {
					"rotation": {
						"0.0": [0, 0, 0],
						"0.5167": [20, 0, 0],
						"1.0333": [0, 0, 0]
					},
					"position": {
						"0.0": [0, 0, 0],
						"0.5167": [0, -1, 0],
						"1.0333": [0, 0, 0]
					},
					"scale": [1, 1, 0.7]
				},
				"backleg2": {
					"rotation": {
						"0.0": [20, 0, 0],
						"0.5167": [0, 0, 0],
						"1.0333": [20, 0, 0]
					},
					"position": {
						"0.0": [0, -1, 0],
						"0.5167": [0, 0, 0],
						"1.0333": [0, -1, 0]
					},
					"scale": [1, 1, 0.7]
				},
				"antler8": {
					"rotation": [0, 0, 0]
				},
				"charge": {
					"rotation": [0, 0, 0],
					"position": [0, 7, -3],
					"scale": 0
				},
				"charge2": {
					"rotation": [0, 0, 0],
					"position": [0, 6, -1],
					"scale": 0
				},
				"aurorabeam": {
					"scale": 0
				},
				"frontleg4": {
					"rotation": {
						"0.0": [42.5, 0, 0],
						"0.5167": [-17.5, 0, 0],
						"1.0333": [42.5, 0, 0]
					},
					"scale": 1
				},
				"neck": {
					"rotation": {
						"0.0": [0, 0, 0],
						"0.5167": [2, 0, 0],
						"1.0333": [0, 0, 0]
					}
				}
			}
		},
		"animation.Xerneas.shoot": {
			"loop": true,
			"animation_length": 0.64,
			"bones": {
				"tail": {
					"rotation": [15, 0, 0]
				},
				"head": {
					"rotation": [0, 0, 0]
				},
				"antler": {
					"scale": [2, 1.5, 1]
				},
				"antler4": {
					"scale": [2, 1.5, 1]
				},
				"antler2": {
					"scale": [2, 1.5, 1]
				},
				"antler5": {
					"scale": [2, 1.5, 1]
				},
				"antler3": {
					"scale": [2, 1.5, 1]
				},
				"antler6": {
					"scale": [2, 1.5, 1]
				},
				"frontleg": {
					"rotation": [0, 0, 0],
					"scale": [1, 1, 0.7]
				},
				"frontleg2": {
					"rotation": [0, 0, 0],
					"scale": 1
				},
				"frontleg3": {
					"rotation": [0, 0, 0],
					"scale": [1, 1, 0.7]
				},
				"backleg": {
					"scale": [1, 1, 0.7]
				},
				"backleg2": {
					"rotation": [5, 0, 0],
					"scale": [1, 1, 0.7]
				},
				"antler7": {
					"scale": [2, 1.5, 1]
				},
				"antler8": {
					"rotation": [0, 0, 0],
					"scale": [2, 1.5, 1]
				},
				"charge": {
					"rotation": {
						"0.0": [0, 0, 0],
						"0.3167": [0, 0, 180],
						"0.6333": [0, 0, 360]
					},
					"position": [0, 7, -3],
					"scale": [2.5, 1, 1.8]
				},
				"charge2": {
					"rotation": {
						"0.0": [0, 0, 0],
						"0.3167": [-180, 0, 0],
						"0.6333": [-360, 0, 0]
					},
					"position": [0, 6, -1],
					"scale": [2.5, 1, 1.8]
				},
				"aurorabeam": {
					"position": [0, 6, -1],
					"scale": {
						"0.0": [0, 0, 0],
						"0.2833": [2, 2, 3.3],
						"0.6": [2, 2, 3.3],
						"0.6333": [0, 0, 0]
					}
				},
				"frontleg4": {
					"scale": 1
				}
			}
		},
		"animation.Xerneas.idle": {
			"loop": true,
			"animation_length": 0.64,
			"bones": {
				"tail": {
					"rotation": [15, 0, 0]
				},
				"head": {
					"rotation": [0, 0, 0]
				},
				"antler": {
					"scale": [2, 1.5, 1]
				},
				"antler4": {
					"scale": [2, 1.5, 1]
				},
				"antler2": {
					"scale": [2, 1.5, 1]
				},
				"antler5": {
					"scale": [2, 1.5, 1]
				},
				"antler3": {
					"scale": [2, 1.5, 1]
				},
				"antler6": {
					"scale": [2, 1.5, 1]
				},
				"frontleg": {
					"rotation": [0, 0, 0],
					"scale": [1, 1, 0.7]
				},
				"frontleg2": {
					"rotation": [0, 0, 0],
					"scale": 1
				},
				"frontleg3": {
					"rotation": [0, 0, 0],
					"scale": [1, 1, 0.7]
				},
				"backleg": {
					"scale": [1, 1, 0.7]
				},
				"backleg2": {
					"rotation": [5, 0, 0],
					"scale": [1, 1, 0.7]
				},
				"antler7": {
					"scale": [2, 1.5, 1]
				},
				"antler8": {
					"rotation": [0, 0, 0],
					"scale": [2, 1.5, 1]
				},
				"charge": {
					"rotation": {
						"0.0": [0, 0, 0],
						"0.3167": [0, 0, 180],
						"0.6333": [0, 0, 360]
					},
					"position": [0, 7, -3],
					"scale": 0
				},
				"charge2": {
					"rotation": {
						"0.0": [0, 0, 0],
						"0.3167": [-180, 0, 0],
						"0.6333": [-360, 0, 0]
					},
					"position": [0, 6, -1],
					"scale": 0
				},
				"aurorabeam": {
					"position": [0, 6, -1],
					"scale": 0
				},
				"frontleg4": {
					"scale": 1
				}
			}
		},
		"animation.Xerneas.catch": {
			"loop": true,
			"animation_length": 0.64,
			"bones": {
				"tail": {
					"rotation": [15, 0, 0]
				},
				"head": {
					"rotation": [0, 0, 0]
				},
				"antler": {
					"scale": [2, 1.5, 1]
				},
				"antler4": {
					"scale": [2, 1.5, 1]
				},
				"antler2": {
					"scale": [2, 1.5, 1]
				},
				"antler5": {
					"scale": [2, 1.5, 1]
				},
				"antler3": {
					"scale": [2, 1.5, 1]
				},
				"antler6": {
					"scale": [2, 1.5, 1]
				},
				"frontleg": {
					"rotation": [0, 0, 0],
					"scale": [1, 1, 0.7]
				},
				"frontleg2": {
					"rotation": [0, 0, 0],
					"scale": 1
				},
				"frontleg3": {
					"rotation": [0, 0, 0],
					"scale": [1, 1, 0.7]
				},
				"backleg": {
					"scale": [1, 1, 0.7]
				},
				"backleg2": {
					"rotation": [5, 0, 0],
					"scale": [1, 1, 0.7]
				},
				"antler7": {
					"scale": [2, 1.5, 1]
				},
				"antler8": {
					"rotation": [0, 0, 0],
					"scale": [2, 1.5, 1]
				},
				"charge": {
					"rotation": {
						"0.0": [0, 0, 0],
						"0.3167": [0, 0, 180],
						"0.6333": [0, 0, 360]
					},
					"position": [0, 7, -3],
					"scale": 0
				},
				"charge2": {
					"rotation": {
						"0.0": [0, 0, 0],
						"0.3167": [-180, 0, 0],
						"0.6333": [-360, 0, 0]
					},
					"position": [0, 6, -1],
					"scale": 0
				},
				"aurorabeam": {
					"position": [0, 6, -1],
					"scale": 0
				},
				"frontleg4": {
					"scale": 1
				},
				"Xerneas": {
					"scale": {
						"0.0": [1, 1, 1],
						"0.6333": [0, 0, 0]
					}
				}
			}
		},
		"animation.Xerneas.spawn": {
			"loop": true,
			"animation_length": 0.64,
			"bones": {
				"tail": {
					"rotation": [15, 0, 0]
				},
				"head": {
					"rotation": [0, 0, 0]
				},
				"antler": {
					"scale": [2, 1.5, 1]
				},
				"antler4": {
					"scale": [2, 1.5, 1]
				},
				"antler2": {
					"scale": [2, 1.5, 1]
				},
				"antler5": {
					"scale": [2, 1.5, 1]
				},
				"antler3": {
					"scale": [2, 1.5, 1]
				},
				"antler6": {
					"scale": [2, 1.5, 1]
				},
				"frontleg": {
					"rotation": [0, 0, 0],
					"scale": [1, 1, 0.7]
				},
				"frontleg2": {
					"rotation": [0, 0, 0],
					"scale": 1
				},
				"frontleg3": {
					"rotation": [0, 0, 0],
					"scale": [1, 1, 0.7]
				},
				"backleg": {
					"scale": [1, 1, 0.7]
				},
				"backleg2": {
					"rotation": [5, 0, 0],
					"scale": [1, 1, 0.7]
				},
				"antler7": {
					"scale": [2, 1.5, 1]
				},
				"antler8": {
					"rotation": [0, 0, 0],
					"scale": [2, 1.5, 1]
				},
				"charge": {
					"rotation": {
						"0.0": [0, 0, 0],
						"0.3167": [0, 0, 180],
						"0.6333": [0, 0, 360]
					},
					"position": [0, 7, -3],
					"scale": 0
				},
				"charge2": {
					"rotation": {
						"0.0": [0, 0, 0],
						"0.3167": [-180, 0, 0],
						"0.6333": [-360, 0, 0]
					},
					"position": [0, 6, -1],
					"scale": 0
				},
				"aurorabeam": {
					"position": [0, 6, -1],
					"scale": 0
				},
				"frontleg4": {
					"scale": 1
				},
				"Xerneas": {
					"scale": {
						"0.0": [0, 0, 0],
						"0.6333": [1, 1, 1]
					}
				}
			}
		}
	}
}