{
	"format_version": "1.8.0",
	"animations": {
		"animation.yveltal.pose": {
			"loop": true,
			"bones": {
				"yveltal": {
					"rotation": [-50, 0, 0],
					"position": [0, 29, 0]
				},
				"fur": {
					"rotation": [80, 0, 0]
				},
				"neck": {
					"rotation": [50, 0, 0]
				},
				"head": {
					"rotation": [35, 0, 0]
				},
				"wing": {
					"rotation": [0, 10, -40]
				},
				"wing2": {
					"rotation": [0, 10, -20]
				},
				"wing3": {
					"rotation": [5, 20, 40]
				},
				"tail": {
					"rotation": [-40, 0, 0]
				},
				"tail2": {
					"rotation": [-55, 0, 0]
				},
				"tail3": {
					"rotation": [-65, 0, 0]
				},
				"leg": {
					"rotation": [40, 0, 0]
				},
				"wing4": {
					"rotation": [0, -10, 40]
				},
				"wing5": {
					"rotation": [0, -10, 20]
				},
				"wing6": {
					"rotation": [5, -20, -40]
				},
				"leg2": {
					"rotation": [55, 0, 0]
				}
			}
		},
		"animation.yveltal.pose2": {
			"animation_length": 1.52,
			"bones": {
				"yveltal": {
					"rotation": [-50, 0, 0],
					"position": [0, 29, 0]
				},
				"fur": {
					"rotation": [80, 0, 0]
				},
				"neck": {
					"rotation": [50, 0, 0]
				},
				"head": {
					"rotation": [35, 0, 0]
				},
				"wing": {
					"rotation": {
						"0.0": [0, 10, 15],
						"0.9167": [0, 10, 30],
						"1.5167": [0, 10, 30]
					}
				},
				"wing2": {
					"rotation": [0, 10, 25]
				},
				"wing3": {
					"rotation": [5, 20, 40]
				},
				"tail": {
					"rotation": {
						"0.0": [-30, 0, 0],
						"0.9167": [-40, 0, 0],
						"1.5167": [-40, 0, 0]
					}
				},
				"tail2": {
					"rotation": [-45, 0, 0]
				},
				"tail3": {
					"rotation": [-30, 0, 0]
				},
				"leg": {
					"rotation": [40, 0, 0]
				},
				"wing4": {
					"rotation": {
						"0.0": [0, -10, -15],
						"0.9167": [0, -10, -30],
						"1.5167": [0, -10, -30]
					}
				},
				"wing5": {
					"rotation": [0, -10, -25]
				},
				"wing6": {
					"rotation": [5, -20, -40]
				},
				"leg2": {
					"rotation": [55, 0, 0]
				},
				"oblivion_wing": {
					"position": [0, -19, 0],
					"scale": {
						"0.0": [0, 0, 0],
						"0.9167": [3, 3, 3],
						"1.5167": [3, 3, 3]
					}
				},
				"beam": {
					"position": [0, -30, 0],
					"scale": {
						"0.0": [0, 0, 0],
						"0.9167": [0, 0, 0],
						"1.2": [2, 4.7, 2],
						"1.5167": [2, 4.7, 2]
					}
				}
			}
		},
		"animation.yveltal.idle": {
			"loop": true,
			"animation_length": 2,
			"bones": {
				"yveltal": {
					"rotation": [-55, 0, 0],
					"position": {
						"0.0": [0, 50, 0],
						"1.0": [0, 35, 0],
						"2.0": [0, 50, 0]
					}
				},
				"body": {
					"rotation": [5, 0, 0]
				},
				"fur": {
					"rotation": {
						"0.0": [20, 0, 0],
						"1.0": [95, 0, 0],
						"2.0": [20, 0, 0]
					}
				},
				"neck": {
					"rotation": {
						"0.0": [45, 0, 0],
						"1.0": [40, 0, 0],
						"2.0": [45, 0, 0]
					}
				},
				"head": {
					"rotation": {
						"0.0": [35, 0, 0],
						"2.0": [35, 0, 0]
					}
				},
				"wing": {
					"rotation": {
						"0.0": [20, -15, 40],
						"0.3167": [35, 10, -35],
						"1.0": [5, 35, -40],
						"2.0": [20, -15, 40]
					},
					"scale": [0.9, 1, 1]
				},
				"wing2": {
					"rotation": {
						"0.0": [0, -10, 35],
						"0.3167": [0, 0, 75],
						"1.0": [0, 15, -30],
						"2.0": [0, -10, 35]
					}
				},
				"wing3": {
					"rotation": {
						"0.0": [5, 5, 40],
						"0.3167": [5, 10, 70],
						"1.0": [5, 15, -25],
						"2.0": [5, 5, 40]
					}
				},
				"wing4": {
					"rotation": {
						"0.0": [20, 15, -40],
						"0.3167": [35, -10, 35],
						"1.0": [5, -35, 40],
						"2.0": [20, 15, -40]
					},
					"scale": [0.9, 1, 1]
				},
				"wing5": {
					"rotation": {
						"0.0": [0, 10, -35],
						"0.3167": [0, 0, -75],
						"1.0": [0, -15, 30],
						"2.0": [0, 10, -35]
					}
				},
				"wing6": {
					"rotation": {
						"0.0": [5, -5, -35],
						"0.3167": [5, -10, -70],
						"1.0": [5, -15, 25],
						"2.0": [5, -5, -35]
					}
				},
				"tail": {
					"rotation": {
						"0.0": [15, 0, 0],
						"1.0": [25, 0, 0],
						"2.0": [15, 0, 0]
					}
				},
				"tail2": {
					"rotation": {
						"0.0": [-10, 0, 0],
						"1.0": [10, 0, 0],
						"2.0": [-10, 0, 0]
					}
				},
				"tail3": {
					"rotation": {
						"0.0": [-20, 0, 0],
						"1.0": [35, 0, 0],
						"2.0": [-20, 0, 0]
					}
				},
				"leg": {
					"rotation": {
						"0.0": [70, 0, 0],
						"1.0": [60, 0, 0],
						"2.0": [70, 0, 0]
					}
				},
				"leg2": {
					"rotation": {
						"0.0": [70, 0, 0],
						"1.0": [60, 0, 0],
						"2.0": [70, 0, 0]
					}
				},
				"oblivion_wing": {
					"scale": 0
				},
				"beam": {
					"scale": 0
				}
			}
		},
		"animation.yveltal.oblivion": {
			"loop": true,
			"animation_length": 1.16,
			"bones": {
				"yveltal": {
					"rotation": {
						"0.0": [0, 0, 0],
						"1.1667": [0, 0, 0]
					},
					"position": {
						"0.0": [0, 46, 0],
						"1.0": [0, 71, 0],
						"1.1667": [0, 46, 0]
					}
				},
				"body": {
					"rotation": {
						"0.0": [-55, 0, 0],
						"0.9167": [-55, 0, 0]
					}
				},
				"fur": {
					"rotation": {
						"0.0": [15, 0, 0],
						"0.5167": [90, 0, 0],
						"0.9167": [78.12, 0, 0],
						"1.1667": [15, 0, 0]
					}
				},
				"neck": {
					"rotation": {
						"0.0": [35, 0, 0],
						"0.5167": [45, 0, 0],
						"0.8833": [27.19, 0, 0],
						"1.1667": [35, 0, 0]
					}
				},
				"head": {
					"rotation": {
						"0.0": [35, 0, 0],
						"0.5167": [50, 0, 0],
						"0.8833": [22.19, 0, 0],
						"1.1667": [35, 0, 0]
					}
				},
				"wing": {
					"rotation": {
						"0.0": [0, 15, -25],
						"0.2333": [10, 25, 25],
						"0.5167": [10, 25, 20],
						"0.8": [4.37, 29.38, -10.31],
						"1.0": [4.37, 29.38, -10.31],
						"1.1667": [0, 15, -25]
					},
					"scale": [0.9, 1, 1]
				},
				"wing2": {
					"rotation": {
						"0.0": [0, 15, -30],
						"0.2333": [0, -5, 40],
						"0.5167": [0, -5, 40],
						"0.8": [0, 16.25, 0.62],
						"1.0": [0, 16.25, 0.62],
						"1.1667": [0, 15, -30]
					}
				},
				"wing3": {
					"rotation": {
						"0.0": [0, 15, -35],
						"0.2333": [-10, 5, 65],
						"0.5167": [-10, 5, 70],
						"0.8": [-4.37, 20.63, 5.94],
						"1.0333": [-4.37, 20.63, 5.94],
						"1.1667": [0, 15, -35]
					}
				},
				"wing4": {
					"rotation": {
						"0.0": [0, -15, 25],
						"0.2333": [10, -25, -25],
						"0.5167": [10, -25, -20],
						"0.8": [4.37, -29.37, 10.31],
						"1.0333": [4.37, -29.37, 10.31],
						"1.1667": [0, -15, 25]
					},
					"scale": [0.9, 1, 1]
				},
				"wing5": {
					"rotation": {
						"0.0": [0, -15, 30],
						"0.2333": [0, 5, -40],
						"0.5167": [0, 5, -40],
						"0.8": [0, -16.25, -0.62],
						"1.0": [0, -16.25, -0.62],
						"1.1667": [0, -15, 30]
					}
				},
				"wing6": {
					"rotation": {
						"0.0": [0, -15, 35],
						"0.2333": [-10, -5, -65],
						"0.5167": [-10, -5, -70],
						"0.8": [-4.37, -20.62, -5.94],
						"1.0": [-4.37, -20.62, -5.94],
						"1.1667": [0, -15, 35]
					}
				},
				"tail": {
					"rotation": {
						"0.0": [10, 0, 0],
						"0.2333": [-45, 0, 0],
						"0.5167": [-45, 0, 0],
						"0.6833": [-9.06, 0, 0],
						"1.0": [-9.06, 0, 0],
						"1.1667": [10, 0, 0]
					}
				},
				"tail2": {
					"rotation": {
						"0.0": [20, 0, 0],
						"0.2333": [-40, 0, 0],
						"0.5167": [-40, 0, 0],
						"0.8": [-1.25, 0, 0],
						"1.0": [-1.25, 0, 0],
						"1.1667": [20, 0, 0]
					}
				},
				"tail3": {
					"rotation": {
						"0.0": [25, 0, 0],
						"0.2333": [-50, 0, 0],
						"0.5167": [-50, 0, 0],
						"0.8": [-7.81, 0, 0],
						"1.0": [-7.81, 0, 0],
						"1.1667": [25, 0, 0]
					}
				},
				"leg": {
					"rotation": {
						"0.0": [60, 0, 0],
						"1.1667": [60, 0, 0]
					}
				},
				"leg2": {
					"rotation": {
						"0.0": [60, 0, 0],
						"1.1667": [60, 0, 0]
					}
				},
				"oblivion_wing": {
					"position": [0, -16, 0],
					"scale": {
						"0.0": [0, 0, 0],
						"0.2333": [0, 0, 0],
						"0.5167": [3, 3, 3],
						"0.9667": [3, 3, 3],
						"1.1667": [0, 0, 0]
					}
				},
				"beam": {
					"position": [0, -28, 0],
					"scale": {
						"0.0": [0, 0, 0],
						"0.5167": [0, 0, 0],
						"0.8833": [2, 10, 2],
						"0.9667": [2, 10, 2],
						"1.1667": [0, 0, 0]
					}
				}
			}
		},
		"animation.yveltal.pokeball": {
			"loop": true,
			"animation_length": 2,
			"bones": {
				"yveltal": {
					"rotation": [-55, 0, 0],
					"position": {
						"0.0": [0, 50, 0],
						"1.0": [0, 35, 0],
						"2.0": [0, 50, 0]
					},
					"scale": {
						"0.0": [1, 1, 1],
						"2.0": [0, 0, 0]
					}
				},
				"body": {
					"rotation": [5, 0, 0]
				},
				"fur": {
					"rotation": {
						"0.0": [20, 0, 0],
						"1.0": [95, 0, 0],
						"2.0": [20, 0, 0]
					}
				},
				"neck": {
					"rotation": {
						"0.0": [45, 0, 0],
						"1.0": [40, 0, 0],
						"2.0": [45, 0, 0]
					}
				},
				"head": {
					"rotation": {
						"0.0": [35, 0, 0],
						"2.0": [35, 0, 0]
					}
				},
				"wing": {
					"rotation": {
						"0.0": [20, -15, 40],
						"0.3167": [35, 10, -35],
						"1.0": [5, 35, -40],
						"2.0": [20, -15, 40]
					},
					"scale": [0.9, 1, 1]
				},
				"wing2": {
					"rotation": {
						"0.0": [0, -10, 35],
						"0.3167": [0, 0, 75],
						"1.0": [0, 15, -30],
						"2.0": [0, -10, 35]
					}
				},
				"wing3": {
					"rotation": {
						"0.0": [5, 5, 40],
						"0.3167": [5, 10, 70],
						"1.0": [5, 15, -25],
						"2.0": [5, 5, 40]
					}
				},
				"wing4": {
					"rotation": {
						"0.0": [20, 15, -40],
						"0.3167": [35, -10, 35],
						"1.0": [5, -35, 40],
						"2.0": [20, 15, -40]
					},
					"scale": [0.9, 1, 1]
				},
				"wing5": {
					"rotation": {
						"0.0": [0, 10, -35],
						"0.3167": [0, 0, -75],
						"1.0": [0, -15, 30],
						"2.0": [0, 10, -35]
					}
				},
				"wing6": {
					"rotation": {
						"0.0": [5, -5, -35],
						"0.3167": [5, -10, -70],
						"1.0": [5, -15, 25],
						"2.0": [5, -5, -35]
					}
				},
				"tail": {
					"rotation": {
						"0.0": [15, 0, 0],
						"1.0": [25, 0, 0],
						"2.0": [15, 0, 0]
					}
				},
				"tail2": {
					"rotation": {
						"0.0": [-10, 0, 0],
						"1.0": [10, 0, 0],
						"2.0": [-10, 0, 0]
					}
				},
				"tail3": {
					"rotation": {
						"0.0": [-20, 0, 0],
						"1.0": [35, 0, 0],
						"2.0": [-20, 0, 0]
					}
				},
				"leg": {
					"rotation": {
						"0.0": [70, 0, 0],
						"1.0": [60, 0, 0],
						"2.0": [70, 0, 0]
					}
				},
				"leg2": {
					"rotation": {
						"0.0": [70, 0, 0],
						"1.0": [60, 0, 0],
						"2.0": [70, 0, 0]
					}
				},
				"oblivion_wing": {
					"scale": 0
				},
				"beam": {
					"scale": 0
				}
			}
		},
		"animation.yveltal.spawn": {
			"loop": true,
			"animation_length": 2,
			"bones": {
				"yveltal": {
					"rotation": [-55, 0, 0],
					"position": {
						"0.0": [0, 2, 0],
						"1.0": [0, 35, 0],
						"2.0": [0, 50, 0]
					},
					"scale": {
						"0.0": [0, 0, 0],
						"2.0": [1, 1, 1]
					}
				},
				"body": {
					"rotation": [5, 0, 0]
				},
				"fur": {
					"rotation": {
						"0.0": [20, 0, 0],
						"1.0": [95, 0, 0],
						"2.0": [20, 0, 0]
					}
				},
				"neck": {
					"rotation": {
						"0.0": [45, 0, 0],
						"1.0": [40, 0, 0],
						"2.0": [45, 0, 0]
					}
				},
				"head": {
					"rotation": {
						"0.0": [35, 0, 0],
						"2.0": [35, 0, 0]
					}
				},
				"wing": {
					"rotation": {
						"0.0": [20, -15, 40],
						"0.3167": [35, 10, -35],
						"1.0": [5, 35, -40],
						"2.0": [20, -15, 40]
					},
					"scale": [0.9, 1, 1]
				},
				"wing2": {
					"rotation": {
						"0.0": [0, -10, 35],
						"0.3167": [0, 0, 75],
						"1.0": [0, 15, -30],
						"2.0": [0, -10, 35]
					}
				},
				"wing3": {
					"rotation": {
						"0.0": [5, 5, 40],
						"0.3167": [5, 10, 70],
						"1.0": [5, 15, -25],
						"2.0": [5, 5, 40]
					}
				},
				"wing4": {
					"rotation": {
						"0.0": [20, 15, -40],
						"0.3167": [35, -10, 35],
						"1.0": [5, -35, 40],
						"2.0": [20, 15, -40]
					},
					"scale": [0.9, 1, 1]
				},
				"wing5": {
					"rotation": {
						"0.0": [0, 10, -35],
						"0.3167": [0, 0, -75],
						"1.0": [0, -15, 30],
						"2.0": [0, 10, -35]
					}
				},
				"wing6": {
					"rotation": {
						"0.0": [5, -5, -35],
						"0.3167": [5, -10, -70],
						"1.0": [5, -15, 25],
						"2.0": [5, -5, -35]
					}
				},
				"tail": {
					"rotation": {
						"0.0": [15, 0, 0],
						"1.0": [25, 0, 0],
						"2.0": [15, 0, 0]
					}
				},
				"tail2": {
					"rotation": {
						"0.0": [-10, 0, 0],
						"1.0": [10, 0, 0],
						"2.0": [-10, 0, 0]
					}
				},
				"tail3": {
					"rotation": {
						"0.0": [-20, 0, 0],
						"1.0": [35, 0, 0],
						"2.0": [-20, 0, 0]
					}
				},
				"leg": {
					"rotation": {
						"0.0": [70, 0, 0],
						"1.0": [60, 0, 0],
						"2.0": [70, 0, 0]
					}
				},
				"leg2": {
					"rotation": {
						"0.0": [70, 0, 0],
						"1.0": [60, 0, 0],
						"2.0": [70, 0, 0]
					}
				},
				"oblivion_wing": {
					"scale": 0
				},
				"beam": {
					"scale": 0
				}
			}
		},
		"animation.yveltal.catch": {
			"loop": true,
			"animation_length": 2,
			"bones": {
				"yveltal": {
					"rotation": [-55, 0, 0],
					"position": {
						"0.0": [0, 50, 0],
						"1.0": [0, 35, 0],
						"2.0": [0, 2, 0]
					},
					"scale": {
						"0.0": [1, 1, 1],
						"2.0": [0, 0, 0]
					}
				},
				"body": {
					"rotation": [5, 0, 0]
				},
				"fur": {
					"rotation": {
						"0.0": [20, 0, 0],
						"1.0": [95, 0, 0],
						"2.0": [20, 0, 0]
					}
				},
				"neck": {
					"rotation": {
						"0.0": [45, 0, 0],
						"1.0": [40, 0, 0],
						"2.0": [45, 0, 0]
					}
				},
				"head": {
					"rotation": {
						"0.0": [35, 0, 0],
						"2.0": [35, 0, 0]
					}
				},
				"wing": {
					"rotation": {
						"0.0": [20, -15, 40],
						"0.3167": [35, 10, -35],
						"1.0": [5, 35, -40],
						"2.0": [20, -15, 40]
					},
					"scale": [0.9, 1, 1]
				},
				"wing2": {
					"rotation": {
						"0.0": [0, -10, 35],
						"0.3167": [0, 0, 75],
						"1.0": [0, 15, -30],
						"2.0": [0, -10, 35]
					}
				},
				"wing3": {
					"rotation": {
						"0.0": [5, 5, 40],
						"0.3167": [5, 10, 70],
						"1.0": [5, 15, -25],
						"2.0": [5, 5, 40]
					}
				},
				"wing4": {
					"rotation": {
						"0.0": [20, 15, -40],
						"0.3167": [35, -10, 35],
						"1.0": [5, -35, 40],
						"2.0": [20, 15, -40]
					},
					"scale": [0.9, 1, 1]
				},
				"wing5": {
					"rotation": {
						"0.0": [0, 10, -35],
						"0.3167": [0, 0, -75],
						"1.0": [0, -15, 30],
						"2.0": [0, 10, -35]
					}
				},
				"wing6": {
					"rotation": {
						"0.0": [5, -5, -35],
						"0.3167": [5, -10, -70],
						"1.0": [5, -15, 25],
						"2.0": [5, -5, -35]
					}
				},
				"tail": {
					"rotation": {
						"0.0": [15, 0, 0],
						"1.0": [25, 0, 0],
						"2.0": [15, 0, 0]
					}
				},
				"tail2": {
					"rotation": {
						"0.0": [-10, 0, 0],
						"1.0": [10, 0, 0],
						"2.0": [-10, 0, 0]
					}
				},
				"tail3": {
					"rotation": {
						"0.0": [-20, 0, 0],
						"1.0": [35, 0, 0],
						"2.0": [-20, 0, 0]
					}
				},
				"leg": {
					"rotation": {
						"0.0": [70, 0, 0],
						"1.0": [60, 0, 0],
						"2.0": [70, 0, 0]
					}
				},
				"leg2": {
					"rotation": {
						"0.0": [70, 0, 0],
						"1.0": [60, 0, 0],
						"2.0": [70, 0, 0]
					}
				},
				"oblivion_wing": {
					"scale": 0
				},
				"beam": {
					"scale": 0
				}
			}
		}
	}
}