{
  "format_version": "1.8.0",
  "minecraft:client_entity": {
    "description": {
      "identifier": "kalos:yveltal_cocoon",
      "materials": { "default": "iron_golem" },
      "textures": {
        "default": "textures/entity/y_cocoon"
      },
      "geometry": {
        "default": "geometry.y_cocoon"
      },
      "animations": {
        "move": "animation.y_cocoon.absorb",
        "attack": "animation.yveltal.oblivion",
        "look_at_target": "animation.common.look_at_target"
      },
      "animation_controllers": [
        { "move": "controller.animation.iron_golem.move" },
        { "arm": "controller.animation.particle.arm_movement"}
      ],
      "render_controllers": [ "controller.render.zygarde" ],
      "spawn_egg": {
        "texture": "cocoon",
        "texture_index": 0
      }
    }
  }
}