{
  "format_version": "1.8.0",
  "minecraft:client_entity": {
    "description": {
      "identifier": "kalos:xerneas_exit",
      "materials": { "default": "iron_golem" },
      "textures": {
        "default": "textures/entity/pokeball_effect"
      },
      "geometry": {
        "default": "geometry.xerneas"
      },
      "animations": {
        "move": "animation.xerneas.spawn"
      },
      "animation_controllers": [
        { "move": "controller.animation.iron_golem.move" },
        { "arm": "controller.animation.particle.arm_movement"}
      ],
      "render_controllers": [ "controller.render.zygarde" ],
      "spawn_egg": {
        "texture": "pokeball",
        "texture_index": 0
      }
    }
  }
}