{
  "format_version": "1.8.0",
  "minecraft:client_entity": {
    "description": {
      "identifier": "kalos:xerneas",
      "materials": { "default": "iron_golem" },
      "textures": {
        "default": "textures/entity/Xerneas"
      },
      "geometry": {
        "default": "geometry.Xerneas"
      },
      "animations": {
        "walk": "animation.Xerneas.walk2",
        "move": "animation.Xerneas.idle",
        "attack": "animation.Xerneas.shoot",
        "chase_target": "animation.Xerneas.charge",
        "look_at_target": "animation.common.look_at_target"
      },
      "animation_controllers": [
        { "move": "controller.animation.iron_golem.move" },
        { "arm": "controller.animation.particle.arm_movement"},
        { "chase_target": "controller.animation.wither_skeleton.attack"}
      ],
      "render_controllers": [ "controller.render.zygarde" ],
      			"spawn_egg": {
				"base_color": "#6275b7",
         		"overlay_color": "#f6efbb"
         	}
    }
  }
}