{
  "format_version": "1.8.0",
  "minecraft:client_entity": {
    "description": {
      "identifier": "kalos:yveltal",
      "materials": { "default": "iron_golem" },
      "textures": {
        "default": "textures/entity/yveltal"
      },
      "geometry": {
        "default": "geometry.yveltal"
      },
      "animations": {
        "move": "animation.yveltal.idle",
        "attack": "animation.yveltal.oblivion",
        "look_at_target": "animation.common.look_at_target"
      },
      "animation_controllers": [
        { "move": "controller.animation.iron_golem.move" },
        { "arm": "controller.animation.particle.arm_movement"}
      ],
      "render_controllers": [ "controller.render.zygarde" ],
      			"spawn_egg": {
				"base_color": "#cb2f2f",
         		"overlay_color": "#373636"
         	}
    }
  }
}