{
  "format_version": "1.8.0",
  "minecraft:client_entity": {
    "description": {
      "identifier": "kalos:zygarde_core",
      "materials": { "default": "iron_golem" },
      "textures": {
        "default": "textures/entity/zygarde_core"
      },
      "geometry": {
        "default": "geometry.zygarde_core"
      },
      "animations": {
        "walk": "animation.zygarde_core.walk",
        "look_at_target": "animation.common.look_at_target"
      },
      "animation_controllers": [
        { "move": "controller.animation.zygarde.move" },
        { "arm": "controller.animation.zygarde.head_movement"}
      ],
      "render_controllers": [ "controller.render.zygarde" ],
      "spawn_egg": {
        "texture": "zygarde_core",
        "texture_index": 0
      }
    }
  }
}