{
  "format_version": "1.13.0",
  "minecraft:entity": {
    "description": {
      "identifier": "kalos:xerneas_exit",
      "is_spawnable": true,
      "is_summonable": true,
      "is_experimental": false,
            "runtime_identifier": "kalos:xerneas_exit",
      "scripts":{
"animate":[
  "x_exit"
]
},
"animations":{
"x_exit":"animation.x_exit"
}
    },
    "component_groups": {
            "minecraft:transform": {
        "minecraft:transformation": {
          "into": "kalos:xerneas_caught",
          "delay": 0.4
        }
      }

    },

    "components": {
      "minecraft:type_family": {
        "family": [ "kalos", "yveltal" ]
      },
      "minecraft:breathable": {
        "total_supply": 15,
        "suffocate_time": 0
      },
      "minecraft:navigation.walk": {
        "can_path_over_water": true,
        "avoid_water": true,
        "avoid_damage_blocks": true
      },
      "minecraft:movement.basic": {

      },
      "minecraft:jump.static": {
      },
      "minecraft:can_climb": {
      },
      "minecraft:collision_box": {
        "width": 2,
        "height": 3
      },
      "minecraft:nameable": {
      },
      "minecraft:health": {
        "value": 100,
        "max": 100
      },
      "minecraft:hurt_on_condition": {
        "damage_conditions": [
          {
            "filters": { "test": "in_lava", "subject": "self", "operator": "==", "value": true },
            "cause": "lava",
            "damage_per_tick": 4
          }
        ]
      },
      "minecraft:movement": {
        "value": 0
      },
      "minecraft:behavior.float": {
        "priority": 0
      },
      "minecraft:behavior.panic": {
        "priority": 1,
        "speed_multiplier": 1.25
      },
      "minecraft:behavior.mount_pathing": {
        "priority": 2,
        "speed_multiplier": 1.5,
        "target_dist": 0.0,
        "track_target": true
      },
      "minecraft:behavior.breed": {
        "priority": 3,
        "speed_multiplier": 1.0
      },
      "minecraft:damage_sensor": {
        "triggers": {
          "cause": "all",
          "deals_damage": false
        }
      },
      "minecraft:behavior.follow_parent": {
        "priority": 5,
        "speed_multiplier": 1.1
      },
      "minecraft:leashable": {
        "soft_distance": 4.0,
        "hard_distance": 6.0,
        "max_distance": 10.0
      },
      "minecraft:balloonable": {
      },
      "minecraft:rideable": {
        "seat_count": 1,
        "family_types": [
          "zombie"
        ],
        "seats": {
          "position": [ 0.0, 1.105, 0.0 ]
        }
      },
      "minecraft:physics": {
      },
      "minecraft:pushable": {
        "is_pushable": false,
        "is_pushable_by_piston": true
      }
    },

    "events": {
      "minecraft:entity_spawned": {
               "add": {
          "component_groups": [
            "minecraft:transform"
          ]
        } 
      },

      "minecraft:entity_transformed": {
               "add": {
          "component_groups": [
            "minecraft:transform"
          ]
        } 
      },


      "minecraft:ageable_grow_up": {
        "remove": {
          "component_groups": [
            "minecraft:cow_baby"
          ]
        },
        "add": {
          "component_groups": [
            "minecraft:cow_adult"
          ]
        }
      }
    }
  }
}
