{
  "format_version": "1.13.0",
  "minecraft:entity": {
    "description": {
      "identifier": "kalos:zygarde_caught",
      "is_spawnable": false,
      "is_summonable": true,
      "is_experimental": false,
            "runtime_identifier": "kalos:zygarde_caught",
      "scripts":{
"animate":[
  "zygardego"
]
},
"animations":{
"zygardego":"animation.zygardego"
}
    },
    "component_groups": {
            "minecraft:transform": {
        "minecraft:transformation": {
          "into": "kalos:zygarde_core"
        }
      },
                  "minecraft:catch": {
        "minecraft:transformation": {
          "into": "kalos:zygarde_catch"
        }
      }
    },

    "components": {
      "minecraft:type_family": {
        "family": [ "kalos", "zygarde", "player" ]
      },
              "minecraft:interact": {
          "interactions": [
            {
              "on_interact": {
                "filters": { "test": "has_equipment", "subject": "other", "domain": "hand", "value": "pokeball:pokeball"},
                "event": "minecraft:y_catch"
              },
              "use_item": true,
              "interact_text": "catch"
            }
          ]
        },
      "minecraft:nameable": {
      },
      "minecraft:collision_box": {
        "width": 2,
        "height": 6
      },
      "minecraft:health": {
        "value": 4000,
        "max": 4000
      },
      "minecraft:movement": {
        "value": 0.2
      },
      "minecraft:navigation.walk": {
        "can_path_over_water": false,
        "avoid_water": true,
        "avoid_damage_blocks": true
      },
      "minecraft:movement.basic": {
        
      },
      "minecraft:jump.static": {
      },
      "minecraft:can_climb": {
      },
      "minecraft:attack": {
        "damage": {
          "range_min": 100,
          "range_max": 110
        }
      },
            "minecraft:damage_sensor": {
        "triggers": {
          "cause": "fall",
          "deals_damage": false
        }
      },
      "minecraft:damage_sensor": {
        "triggers": [{
                            "on_damage": {
                                "filters": {
                                    "all_of": [{
                                            "test": "has_damage",
                                            "value": "fatal"
                                        }
                                    ]
                                },
                                "event": "minecraft:y_dead"
                            }
                          }
                        ]
                        },

      "minecraft:knockback_resistance": {
        "value": 1.0
      },
      "minecraft:balloonable": {
      },
      "minecraft:behavior.target_when_pushed": {
        "priority": 1,
        "percent_chance": 5.0,
        "entity_types": [
          {
            "filters": { 
              "all_of": [
                { "test" :  "is_family", "subject" : "other", "value" :  "monster" },
                { "test" :  "is_family", "subject" : "other", "operator": "!=", "value" :  "creeper" }
              ] 
            }
          }
        ]
      },
      "minecraft:behavior.delayed_attack": {
          "priority": 1,
          "reach_multiplier": 6,
          "attack_duration": 1,
          "hit_delay_pct": 0.6,
          "track_target": true,
          "sound_event": ""
        },
      "minecraft:behavior.move_towards_target": {
        "priority": 2,
        "speed_multiplier": 1,
        "within_radius": 100
      },
            "minecraft:boss": {
        "name": "Zygarde",
        "should_darken_sky": false,
        "hud_range": 600
      },
      "minecraft:behavior.move_through_village": {
        "priority": 3,
        "speed_multiplier": 0.6,
        "only_at_night": true
      },
      "minecraft:behavior.move_towards_restriction": {
        "priority": 4,
        "speed_multiplier": 1
      },
      "minecraft:behavior.random_stroll": {
        "priority": 6,
        "speed_multiplier": 1,
        "xz_dist": 16
      },
      "minecraft:behavior.look_at_player": {
        "priority": 7,
        "look_distance": 6.0,
        "probability": 0.02
      },
      "minecraft:behavior.random_look_around": {
        "priority": 8
      },
      "minecraft:behavior.nearest_attackable_target": {
        "priority": 1,
        "within_radius": 100,
        "must_reach": false,
        "entity_types": [
          {
                        "filters": { 
                "all_of": [
                  { "test" :  "is_family", "subject" : "other", "value" :  "monster"},
                  { "test" :  "is_family", "subject" : "other", "operator": "!=", "value" :  "creeper"}
                ] 
            },
            "max_dist": 100,
            "must_see": true,
            "walk_speed_multiplier": 1.5,
            "sprint_speed_multiplier": 1.5,
            "minecraft:reselect_targets": true,
            "within_default": 1
          }
        ],
        "must_see": true,
        "speed_multiplier": 1.5
      },
      "minecraft:behavior.hurt_by_target": {
        "priority": 2,
        "entity_types": {
          "filters": { "test": "is_family", "subject": "other", "operator": "!=", "value": "player" }
        }
      },
      "minecraft:persistent": {
      },
      "minecraft:physics": {
      },
      "minecraft:pushable": {
        "is_pushable": true,
        "is_pushable_by_piston": true
      },
      "minecraft:fire_immune": true,

      "minecraft:follow_range": {
        "value": 64
      }
    },

    "events": {
            "minecraft:y_dead": {
        "add": {
          "component_groups": [
            "minecraft:transform"
          ]
        }
      },
                  "minecraft:y_catch": {
        "add": {
          "component_groups": [
            "minecraft:catch"
          ]
        }
      },

      "minecraft:entity_transformed": {
        "remove": {
        },
        "add": {
          "component_groups": [
            "minecraft:cow_adult"
          ]
        }
      },

      "minecraft:ageable_grow_up": {
        "remove": {
          "component_groups": [
            "minecraft:cow_baby"
          ]
        },
        "add": {
          "component_groups": [
            "minecraft:cow_adult"
          ]
        }
      }
    }
  }
}
