{
	"format_version" : "1.8.0",
	"animations" : {
		"animation.catch_y" : {
            "timeline": {
            	"1.2": "/kill @s"
            },
            "animation_length": 3,
			"loop" : false
		},
				"animation.catch_x" : {
            "timeline": {
            	"0.4": "/kill @s"
            },
            "animation_length": 3,
			"loop" : false
		},
				"animation.catch_z" : {
            "timeline": {
            	"1": "/kill @s"
            },
            "animation_length": 3,
			"loop" : false
		}
	}
}
