{
      "format_version" : "1.8.0",
      "animations" : {
            "animation.xerneasappear" : {
            "timeline": {
                  "0.00": "/say Xerneas appeared!",
                  "0.01": "/effect @s regeneration 100000 1",
                  "0.5": "/say Xerneas is radiating fairy aura!"
            },
            "animation_length": 3,
                  "loop" : false
            },
                        "animation.x_exit" : {
            "timeline": {
                  "0.01": "/give @p pokeball:pokeball"
            },
            "animation_length": 3,
                  "loop" : false
            },
                                    "animation.xerneasgo" : {
            "timeline": {
                  "0.01": "/effect @s regeneration 100000 1",
                  "0.5": "/say Xerneas is radiating fairy aura!"
            },
            "animation_length": 3,
                  "loop" : false
            }
      }
}
