{
	"format_version" : "1.8.0",
	"animations" : {
		"animation.yveltalappear" : {
            "timeline": {
            	"0.00": "/say Yveltal appeared!",
            	"0.5": "/say Yveltal is radiating dark aura!"
            },
            "animation_length": 3,
			"loop" : false
		},
				"animation.y_exit" : {
            "timeline": {
                  "0.01": "/give @p pokeball:pokeball"
            },
            "animation_length": 3,
			"loop" : false
		},
                                    "animation.yveltalgo" : {
            "timeline": {
                  "0.5": "/say Yveltal is radiating dark aura!"
            },
            "animation_length": 3,
                  "loop" : false
            }
	}
}
