{
	"format_version": "1.12.0",
	"minecraft:geometry": [
		{
			"description": {
				"identifier": "geometry.yveltal",
				"texture_width": 256,
				"texture_height": 256,
				"visible_bounds_width": 14,
				"visible_bounds_height": 8,
				"visible_bounds_offset": [0, 1, 0]
			},
			"bones": [
				{
					"name": "yveltal",
					"pivot": [0, 9, 0]
				},
				{
					"name": "body",
					"parent": "yveltal",
					"pivot": [0, 14, 5],
					"cubes": [
						{"origin": [-5, 10, 4], "size": [10, 8, 21], "uv": [59, 59], "mirror": true},
						{"origin": [-5, 11, 25], "size": [10, 6, 1], "uv": [104, 17]},
						{"origin": [-4, 10, -2], "size": [8, 8, 7], "uv": [46, 65]},
						{"origin": [-5.5, 9.5, -1], "size": [11, 9, 14], "uv": [46, 88]},
						{"origin": [-1.5, 8.5, -3], "size": [3, 2, 4], "uv": [80, 8]},
						{"origin": [-3.5, 8.9, 0], "size": [7, 1, 9], "uv": [120, 32]},
						{"origin": [-3.5, 9.90069, 8.55999], "size": [7, 2, 13], "pivot": [0, 11, 20], "rotation": [5, 0, 0], "uv": [41, 111]},
						{"origin": [0.04476, 8.5, -3.56416], "size": [4, 2, 5], "pivot": [1, 9, 2], "rotation": [0, -45, -10], "uv": [101, 150]},
						{"origin": [-4.04476, 8.5, -3.56416], "size": [4, 2, 5], "pivot": [-1, 9, 2], "rotation": [0, 45, 10], "uv": [88, 146]},
						{"origin": [0.04476, 9.5, -3.56416], "size": [4, 5, 3], "pivot": [1, 9, 2], "rotation": [0, -35, 5], "uv": [16, 99]},
						{"origin": [-4.04476, 9.5, -3.56416], "size": [4, 5, 3], "pivot": [-1, 9, 2], "rotation": [0, 35, -5], "uv": [80, 0]},
						{"origin": [-0.95524, 8.5, -3.56416], "size": [4, 2, 7], "pivot": [0, 9, 4], "rotation": [0, -15, 0], "uv": [38, 92]},
						{"origin": [-3.04476, 8.5, -3.56416], "size": [4, 2, 7], "pivot": [0, 9, 4], "rotation": [0, 15, 0], "uv": [85, 116]}
					]
				},
				{
					"name": "fur",
					"parent": "body",
					"pivot": [0, 14, -1],
					"cubes": [
						{"origin": [0.04476, 12.5, -3.56416], "size": [4, 6, 3], "pivot": [1, 18, 2], "rotation": [0, -35, -5], "uv": [0, 74]},
						{"origin": [-4.04476, 12.5, -3.56416], "size": [4, 6, 3], "pivot": [-1, 18, 2], "rotation": [0, 35, 5], "uv": [71, 30]},
						{"origin": [1.5, 14.5, -1], "size": [4, 4, 5], "pivot": [0, 15, -2], "rotation": [10, 10, 0], "uv": [0, 43]},
						{"origin": [-0.5, 13.5, 0], "size": [6, 6, 8], "pivot": [0, 16, 1], "rotation": [10, 10, 0], "uv": [121, 124]},
						{"origin": [-2.5, 13.5, 0], "size": [6, 6, 8], "pivot": [0, 16, 1], "rotation": [20, 0, 0], "uv": [121, 124]},
						{"origin": [1.5, 15.5, 1], "size": [3, 5, 10], "pivot": [-1, 17, 4], "rotation": [10, -5, 5], "uv": [125, 68]},
						{"origin": [-1.5, 15.5, 1], "size": [3, 5, 10], "pivot": [-1, 17, 4], "rotation": [15, -5, 5], "uv": [125, 68]},
						{"origin": [-0.5, 17.5, 10], "size": [5, 2, 4], "pivot": [-1, 17, 4], "rotation": [5, -5, 5], "uv": [20, 129]},
						{"origin": [-1.5, 16.5, 13], "size": [5, 2, 4], "pivot": [-1, 17, 4], "rotation": [5, -5, 5], "uv": [20, 129]},
						{"origin": [0.09307, 18.156, 1.38556], "size": [3, 2, 10], "pivot": [2, 16, 4], "rotation": [5, 5, 50], "uv": [88, 17]},
						{"origin": [-1.5, 18.5, 3], "size": [3, 2, 16], "pivot": [-4, 17, 6], "rotation": [10, 0, 5], "uv": [16, 95]},
						{"origin": [-2.5, 18.5, 5], "size": [3, 2, 16], "pivot": [-4, 17, 6], "rotation": [0, 0, 5], "uv": [16, 95]},
						{"origin": [-0.5, 14.5, -2], "size": [6, 4, 6], "pivot": [0, 15, -2], "rotation": [20, -5, 0], "uv": [140, 14]},
						{"origin": [-3.5, 12.5, -1], "size": [4, 6, 8], "pivot": [-3, 15, -1], "rotation": [25, 10, -10], "uv": [22, 135]},
						{"origin": [-3.5, 15.5, 2], "size": [3, 4, 7], "pivot": [-6, 16, 0], "rotation": [15, -10, 5], "uv": [0, 143]},
						{"origin": [-7.45833, 15.94682, 1.95912], "size": [3, 2, 7], "pivot": [-7, 20, 5], "rotation": [10, 0, -45], "uv": [52, 126]},
						{"origin": [-2.5, 16.5, -1], "size": [3, 3, 13], "pivot": [-5, 16, 2], "rotation": [10, -10, 5], "uv": [16, 113]},
						{"origin": [-3.5, 15.5, -1], "size": [4, 3, 8], "pivot": [-3, 15, -1], "rotation": [20, -15, -10], "uv": [135, 53]},
						{"origin": [-5.5, 15.5, 0], "size": [3, 3, 5], "pivot": [-6, 15, -1], "rotation": [25, -5, 0], "uv": [71, 22]},
						{"origin": [-5.5, 13.5, 0], "size": [3, 3, 5], "pivot": [-6, 13, -1], "rotation": [25, -5, 0], "uv": [0, 30]}
					]
				},
				{
					"name": "neck",
					"parent": "body",
					"pivot": [0, 14, -1],
					"cubes": [
						{"origin": [-3, 10.4, -8], "size": [6, 7, 9], "uv": [99, 116]}
					]
				},
				{
					"name": "head",
					"parent": "neck",
					"pivot": [0, 14, -7],
					"cubes": [
						{"origin": [-1, 13.10185, -20.90494], "size": [2, 1, 3], "pivot": [0, 14, -18], "rotation": [25, 0, 0], "uv": [69, 65]},
						{"origin": [-1, 13.10185, -17.90494], "size": [2, 1, 6], "pivot": [0, 14, -18], "rotation": [35, 0, 0], "uv": [16, 92]},
						{"origin": [0.16828, 14.80452, -20.23091], "size": [2, 1, 8], "pivot": [2, 15, -15], "rotation": [35, 10, 15], "uv": [62, 143]},
						{"origin": [-4.47533, 15.67921, -20.39004], "size": [3, 1, 7], "pivot": [-2, 16, -14], "rotation": [25, 30, -70], "uv": [143, 25]},
						{"origin": [1.47533, 15.67921, -20.39004], "size": [3, 1, 7], "pivot": [2, 16, -14], "rotation": [25, -30, 70], "uv": [143, 25], "mirror": true},
						{"origin": [-1.7503, 12.92074, -19.24204], "size": [3, 1, 7], "pivot": [1, 11, -11], "rotation": [20, 10, 90], "uv": [138, 144]},
						{"origin": [-1.2497, 12.92074, -19.24204], "size": [3, 1, 7], "pivot": [-1, 11, -11], "rotation": [20, -10, -90], "uv": [143, 33]},
						{"origin": [-2.16828, 14.80452, -20.23091], "size": [2, 1, 8], "pivot": [-2, 15, -15], "rotation": [35, -10, -15], "uv": [141, 0]},
						{"origin": [-1, 10.29285, -20.25], "size": [2, 1, 7], "pivot": [0, 11, -13], "rotation": [-13, 0, 0], "uv": [0, 52]},
						{"origin": [-0.22354, 11.24128, -20.02797], "size": [2, 1, 8], "pivot": [0, 12, -17], "rotation": [-13, 15, -10], "uv": [50, 140]},
						{"origin": [-1.77646, 11.24128, -20.02797], "size": [2, 1, 8], "pivot": [0, 12, -17], "rotation": [-13, -15, 10], "uv": [76, 129]},
						{"origin": [-3, 10.4, -13.5], "size": [6, 7, 8], "uv": [120, 17]},
						{"origin": [2.25, 17.25614, -11.58333], "size": [0.75, 0.75, 6], "pivot": [3, 17, -12], "rotation": [10, 0, 15], "uv": [244, 250]},
						{"origin": [-3, 17.25614, -11.58333], "size": [0.75, 0.75, 6], "pivot": [-3, 17, -12], "rotation": [10, 0, -15], "uv": [113, 201]},
						{"origin": [2.25, 16.25614, -12.58333], "size": [0.75, 3.75, 1.5], "pivot": [3, 17, -12], "rotation": [-10, 0, 15], "uv": [15, 10]},
						{"origin": [-3, 16.25614, -12.58333], "size": [0.75, 3.75, 1.5], "pivot": [-3, 17, -12], "rotation": [-10, 0, -15], "uv": [0, 10]},
						{"origin": [2.76764, 18.35364, -13.24787], "size": [0.75, 2.75, 2], "pivot": [3, 19, -12], "rotation": [-35, 0, 15], "uv": [0, 20]},
						{"origin": [-3.51764, 18.35364, -13.24787], "size": [0.75, 2.75, 2], "pivot": [-3, 19, -12], "rotation": [-35, 0, -15], "uv": [0, 0]},
						{"origin": [2.76764, 18.09482, -15.28194], "size": [0.75, 2.75, 4.4], "pivot": [3, 19, -13], "rotation": [20, 0, 15], "uv": [62, 55]},
						{"origin": [-3.51764, 18.09482, -15.28194], "size": [0.75, 2.75, 4.4], "pivot": [-3, 19, -13], "rotation": [20, 0, -15], "uv": [62, 55], "mirror": true},
						{"origin": [2.76764, 18.02786, -17.44804], "size": [0.75, 2.5, 3], "pivot": [3, 19, -14], "rotation": [30, 0, 15], "uv": [11, 19]},
						{"origin": [-3.51764, 18.02786, -17.44804], "size": [0.75, 2.5, 3], "pivot": [-3, 19, -14], "rotation": [30, 0, -15], "uv": [11, 19], "mirror": true},
						{"origin": [2.50882, 16.84359, -20.40992], "size": [0.75, 1.5, 4], "pivot": [3, 18, -17], "rotation": [40, 0, 15], "uv": [117, 219]},
						{"origin": [-3.25882, 16.84359, -20.40992], "size": [0.75, 1.5, 4], "pivot": [-3, 18, -17], "rotation": [40, 0, -15], "uv": [117, 219], "mirror": true}
					]
				},
				{
					"name": "wing",
					"parent": "body",
					"pivot": [5, 14, 4],
					"cubes": [
						{"origin": [3, 12, 0], "size": [27, 4, 17], "uv": [0, 22]},
						{"origin": [23, 12, 15], "size": [6, 4, 3], "pivot": [24, 14, 17], "rotation": [0, -65, 0], "uv": [20, 150]},
						{"origin": [17, 12, 15], "size": [6, 4, 3], "pivot": [18, 14, 17], "rotation": [0, -65, 0], "uv": [114, 138]},
						{"origin": [11, 12, 15], "size": [6, 4, 3], "pivot": [12, 14, 17], "rotation": [0, -65, 0], "uv": [32, 65]},
						{"origin": [23, 12, 15], "size": [6, 4, 3], "pivot": [28, 14, 17], "rotation": [0, 65, 0], "uv": [140, 109]},
						{"origin": [17, 12, 15], "size": [6, 4, 3], "pivot": [22, 14, 17], "rotation": [0, 65, 0], "uv": [35, 113]},
						{"origin": [11, 12, 15], "size": [6, 4, 3], "pivot": [16, 14, 17], "rotation": [0, 65, 0], "uv": [0, 11]}
					]
				},
				{
					"name": "wing2",
					"parent": "wing",
					"pivot": [30, 14, 9],
					"cubes": [
						{"origin": [30, 12, -1], "size": [31, 4, 18], "uv": [0, 0]},
						{"origin": [30, 12, 14], "size": [31, 4, 3], "pivot": [61, 14, 6], "rotation": [0, 5, 0], "uv": [62, 47]}
					]
				},
				{
					"name": "wing3",
					"parent": "wing2",
					"pivot": [61, 14, 9],
					"cubes": [
						{"origin": [61, 12, -1], "size": [22, 4, 18], "uv": [0, 43]},
						{"origin": [64, 12, 17], "size": [17, 4, 1], "uv": [62, 54]},
						{"origin": [83, 12, 0], "size": [2, 3, 16], "uv": [105, 72]},
						{"origin": [85, 12, 1], "size": [2, 3, 14], "uv": [67, 112]},
						{"origin": [82, 12, 15], "size": [2, 4, 10], "pivot": [83, 13, 16], "rotation": [-10, 65, 0], "uv": [126, 91]},
						{"origin": [82, 12, -9], "size": [2, 4, 10], "pivot": [83, 13, 0], "rotation": [10, -65, 0], "uv": [38, 126]},
						{"origin": [83, 12, 0], "size": [2, 4, 9], "pivot": [84, 13, 8], "rotation": [0, -90, -10], "uv": [123, 138]},
						{"origin": [83, 12, -3], "size": [2, 4, 8], "pivot": [84, 13, 4], "rotation": [0, -75, -10], "uv": [141, 64]},
						{"origin": [83, 12, 11], "size": [2, 4, 8], "pivot": [84, 13, 12], "rotation": [0, 75, -10], "uv": [100, 68]},
						{"origin": [94.47068, 11.95811, 1.70751], "size": [2, 4, 8], "pivot": [97, 14, 2], "rotation": [0, -75, 5], "uv": [141, 120]},
						{"origin": [94.47068, 11.95811, 6.29249], "size": [2, 4, 9], "pivot": [97, 14, 14], "rotation": [0, 75, 5], "uv": [101, 137]},
						{"origin": [91, 13, 0], "size": [2, 4, 10], "pivot": [92, 14, 8], "rotation": [0, -90, 10], "uv": [82, 88]}
					]
				},
				{
					"name": "wing4",
					"parent": "body",
					"pivot": [-5, 14, 4],
					"cubes": [
						{"origin": [-30, 12, 0], "size": [27, 4, 17], "uv": [0, 22], "mirror": true},
						{"origin": [-29, 12, 15], "size": [6, 4, 3], "pivot": [-24, 14, 17], "rotation": [0, 65, 0], "uv": [20, 150], "mirror": true},
						{"origin": [-23, 12, 15], "size": [6, 4, 3], "pivot": [-18, 14, 17], "rotation": [0, 65, 0], "uv": [114, 138], "mirror": true},
						{"origin": [-17, 12, 15], "size": [6, 4, 3], "pivot": [-12, 14, 17], "rotation": [0, 65, 0], "uv": [32, 65], "mirror": true},
						{"origin": [-29, 12, 15], "size": [6, 4, 3], "pivot": [-28, 14, 17], "rotation": [0, -65, 0], "uv": [140, 109], "mirror": true},
						{"origin": [-23, 12, 15], "size": [6, 4, 3], "pivot": [-22, 14, 17], "rotation": [0, -65, 0], "uv": [35, 113], "mirror": true},
						{"origin": [-17, 12, 15], "size": [6, 4, 3], "pivot": [-16, 14, 17], "rotation": [0, -65, 0], "uv": [0, 11], "mirror": true}
					]
				},
				{
					"name": "wing5",
					"parent": "wing4",
					"pivot": [-30, 14, 9],
					"cubes": [
						{"origin": [-61, 12, -1], "size": [31, 4, 18], "uv": [0, 0], "mirror": true},
						{"origin": [-61, 12, 14], "size": [31, 4, 3], "pivot": [-61, 14, 6], "rotation": [0, -5, 0], "uv": [62, 47], "mirror": true}
					]
				},
				{
					"name": "wing6",
					"parent": "wing5",
					"pivot": [-61, 14, 9],
					"cubes": [
						{"origin": [-83, 12, -1], "size": [22, 4, 18], "uv": [0, 43], "mirror": true},
						{"origin": [-81, 12, 17], "size": [17, 4, 1], "uv": [62, 54], "mirror": true},
						{"origin": [-85, 12, 0], "size": [2, 3, 16], "uv": [105, 72], "mirror": true},
						{"origin": [-87, 12, 1], "size": [2, 3, 14], "uv": [67, 112], "mirror": true},
						{"origin": [-84, 12, 15], "size": [2, 4, 10], "pivot": [-83, 13, 16], "rotation": [-10, -65, 0], "uv": [126, 91], "mirror": true},
						{"origin": [-84, 12, -9], "size": [2, 4, 10], "pivot": [-83, 13, 0], "rotation": [10, 65, 0], "uv": [38, 126], "mirror": true},
						{"origin": [-85, 12, 0], "size": [2, 4, 9], "pivot": [-84, 13, 8], "rotation": [0, 90, 10], "uv": [123, 138], "mirror": true},
						{"origin": [-85, 12, -3], "size": [2, 4, 8], "pivot": [-84, 13, 4], "rotation": [0, 75, 10], "uv": [141, 64], "mirror": true},
						{"origin": [-85, 12, 11], "size": [2, 4, 8], "pivot": [-84, 13, 12], "rotation": [0, -75, 10], "uv": [100, 68], "mirror": true},
						{"origin": [-96.47068, 11.95811, 1.70751], "size": [2, 4, 8], "pivot": [-97, 14, 2], "rotation": [0, 75, -5], "uv": [141, 120], "mirror": true},
						{"origin": [-96.47068, 11.95811, 6.29249], "size": [2, 4, 9], "pivot": [-97, 14, 14], "rotation": [0, -75, -5], "uv": [101, 137], "mirror": true},
						{"origin": [-93, 13, 0], "size": [2, 4, 10], "pivot": [-92, 14, 8], "rotation": [0, 90, -10], "uv": [82, 88], "mirror": true}
					]
				},
				{
					"name": "tail",
					"parent": "body",
					"pivot": [0, 14, 26],
					"cubes": [
						{"origin": [-5, 13, 26], "size": [10, 3, 6], "uv": [0, 65]},
						{"origin": [-6, 13, 32], "size": [12, 3, 11], "uv": [100, 54]}
					]
				},
				{
					"name": "tail2",
					"parent": "tail",
					"pivot": [0, 14, 43],
					"cubes": [
						{"origin": [-7, 12.5, 43], "size": [14, 3.5, 14], "uv": [80, 0]},
						{"origin": [-8, 12, 57], "size": [16, 4, 14], "uv": [74, 29]}
					]
				},
				{
					"name": "tail3",
					"parent": "tail2",
					"pivot": [0, 14, 71],
					"cubes": [
						{"origin": [-8, 12, 71], "size": [16, 4, 14], "uv": [0, 74]},
						{"origin": [-7, 12, 85], "size": [14, 4, 2], "uv": [130, 47]},
						{"origin": [-8, 12, 84], "size": [2, 4, 10], "pivot": [-7, 13, 85], "rotation": [-10, -25, 0], "uv": [86, 132]},
						{"origin": [6, 12, 84], "size": [2, 4, 10], "pivot": [7, 13, 85], "rotation": [-10, 25, 0], "uv": [62, 129]},
						{"origin": [-1, 12, 84], "size": [2, 4, 10], "pivot": [0, 13, 85], "rotation": [10, 0, 0], "uv": [6, 129]},
						{"origin": [-4, 12, 84], "size": [2, 4, 9], "pivot": [-3, 13, 85], "rotation": [10, -15, 0], "uv": [140, 83]},
						{"origin": [2, 12, 84], "size": [2, 4, 9], "pivot": [3, 13, 85], "rotation": [10, 15, 0], "uv": [37, 140]},
						{"origin": [-1, 13, 92], "size": [2, 4, 10], "pivot": [0, 14, 93], "rotation": [-20, 0, 0], "uv": [126, 106]},
						{"origin": [-6, 13, 91], "size": [2, 4, 8], "pivot": [-5, 14, 92], "rotation": [-20, -15, 0], "uv": [142, 97]},
						{"origin": [4, 13, 91], "size": [2, 4, 8], "pivot": [5, 14, 92], "rotation": [-20, 15, 0], "uv": [141, 132]},
						{"origin": [-6, 13, 87], "size": [12, 3, 2], "uv": [96, 91]}
					]
				},
				{
					"name": "leg",
					"parent": "body",
					"pivot": [4, 13, 21],
					"cubes": [
						{"origin": [4, 10, 16], "size": [5, 5, 9], "pivot": [5, 11, 20], "rotation": [20, 0, 0], "uv": [122, 0]},
						{"origin": [5, 5, 16], "size": [3, 6, 5], "pivot": [5, 11, 18], "rotation": [50, 0, 0], "uv": [0, 0]},
						{"origin": [5, 1.37626, 16.77114], "size": [3, 3, 5], "pivot": [6, 3, 17], "rotation": [50, 0, 0], "uv": [0, 22]},
						{"origin": [5.5, 2.37626, 15.77114], "size": [2, 2, 5], "pivot": [6, 3, 17], "rotation": [-70, 0, 0], "uv": [151, 76]},
						{"origin": [5.5, 0.37626, 15.77114], "size": [2, 1, 3], "pivot": [6, 0, 17], "rotation": [-125, 0, 0], "uv": [62, 43]},
						{"origin": [5.5, 3.37626, 16.77114], "size": [2, 2, 5], "pivot": [6, 4, 17], "rotation": [150, -25, 10], "uv": [151, 53]},
						{"origin": [7.24762, 4.73321, 13.64585], "size": [2, 2.5, 1], "pivot": [9, 5, 14], "rotation": [115, -25, 10], "uv": [11, 24]},
						{"origin": [3.75238, 4.73321, 13.64585], "size": [2, 2.5, 1], "pivot": [4, 5, 14], "rotation": [115, 25, -10], "uv": [11, 0]},
						{"origin": [5.5, 3.37626, 16.77114], "size": [2, 2, 5], "pivot": [7, 4, 17], "rotation": [150, 25, -10], "uv": [119, 151]}
					]
				},
				{
					"name": "leg2",
					"parent": "body",
					"pivot": [-4, 13, 21],
					"cubes": [
						{"origin": [-9, 10, 16], "size": [5, 5, 9], "pivot": [-5, 11, 20], "rotation": [20, 0, 0], "uv": [122, 0], "mirror": true},
						{"origin": [-8, 5, 16], "size": [3, 6, 5], "pivot": [-5, 11, 18], "rotation": [50, 0, 0], "uv": [0, 0], "mirror": true},
						{"origin": [-8, 1.37626, 16.77114], "size": [3, 3, 5], "pivot": [-6, 3, 17], "rotation": [50, 0, 0], "uv": [0, 22], "mirror": true},
						{"origin": [-7.5, 2.37626, 15.77114], "size": [2, 2, 5], "pivot": [-6, 3, 17], "rotation": [-70, 0, 0], "uv": [151, 76], "mirror": true},
						{"origin": [-7.5, 0.37626, 15.77114], "size": [2, 1, 3], "pivot": [-6, 0, 17], "rotation": [-125, 0, 0], "uv": [62, 43], "mirror": true},
						{"origin": [-7.5, 3.37626, 16.77114], "size": [2, 2, 5], "pivot": [-6, 4, 17], "rotation": [150, 25, -10], "uv": [151, 53], "mirror": true},
						{"origin": [-9.24762, 4.73321, 13.64585], "size": [2, 2.5, 1], "pivot": [-9, 5, 14], "rotation": [115, 25, -10], "uv": [11, 24], "mirror": true},
						{"origin": [-5.75238, 4.73321, 13.64585], "size": [2, 2.5, 1], "pivot": [-4, 5, 14], "rotation": [115, -25, 10], "uv": [11, 0], "mirror": true},
						{"origin": [-7.5, 3.37626, 16.77114], "size": [2, 2, 5], "pivot": [-7, 4, 17], "rotation": [150, -25, 10], "uv": [119, 151], "mirror": true}
					]
				},
				{
					"name": "oblivion_wing",
					"parent": "body",
					"pivot": [0, 4, 7],
					"cubes": [
						{"origin": [-5, -5, 1], "size": [10, 10, 10], "uv": [96, 96]}
					]
				},
				{
					"name": "beam",
					"parent": "body",
					"pivot": [0, 1, 7],
					"cubes": [
						{"origin": [-2, -41, 4], "size": [4, 43, 4], "uv": [0, 92]}
					]
				}
			]
		}
	]
}