{
	"format_version": "1.12.0",
	"minecraft:geometry": [
		{
			"description": {
				"identifier": "geometry.zygarde",
				"texture_width": 256,
				"texture_height": 256,
				"visible_bounds_width": 16,
				"visible_bounds_height": 9,
				"visible_bounds_offset": [0, 1.5, 0]
			},
			"bones": [
				{
					"name": "zygarde",
					"pivot": [0, 0, 0]
				},
				{
					"name": "body",
					"parent": "zygarde",
					"pivot": [0, 48, -5],
					"cubes": [
						{"origin": [-10, 10, -13], "size": [20, 40, 15], "uv": [82, 0]},
						{"origin": [-11, 30, -14], "size": [22, 19, 17], "uv": [104, 74]},
						{"origin": [10.82417, 24.43571, -13], "size": [6, 21, 16], "pivot": [12, 44, -5], "rotation": [0, 0, 18], "uv": [152, 37]},
						{"origin": [11.42498, 31.89733, -6], "size": [9, 4, 3], "pivot": [12, 34, -5], "rotation": [0, 0, 33], "uv": [210, 97]},
						{"origin": [-20.42498, 31.89733, -6], "size": [9, 4, 3], "pivot": [-12, 34, -5], "rotation": [0, 0, -33], "uv": [208, 167]},
						{"origin": [14.42498, 35.89733, -6], "size": [7, 4, 3], "pivot": [15, 38, -5], "rotation": [0, 0, 18], "uv": [163, 187]},
						{"origin": [-21.42498, 35.89733, -6], "size": [7, 4, 3], "pivot": [-15, 38, -5], "rotation": [0, 0, -18], "uv": [180, 117]},
						{"origin": [14.42498, 40.89733, -6], "size": [7, 4, 3], "pivot": [16, 43, -5], "rotation": [0, 0, -2], "uv": [180, 124]},
						{"origin": [-21.42498, 40.89733, -6], "size": [7, 4, 3], "pivot": [-16, 43, -5], "rotation": [0, 0, 2], "uv": [122, 116]},
						{"origin": [29.42498, 40.89733, -6], "size": [9, 4, 3], "pivot": [31, 43, -5], "rotation": [0, 0, -12], "uv": [210, 90]},
						{"origin": [-38.42498, 40.89733, -6], "size": [9, 4, 3], "pivot": [-31, 43, -5], "rotation": [0, 0, 12], "uv": [208, 160]},
						{"origin": [23.42498, 38.89733, -6], "size": [6, 4, 3], "pivot": [25, 41, -5], "rotation": [0, 0, -2], "uv": [32, 196]},
						{"origin": [-29.42498, 38.89733, -6], "size": [6, 4, 3], "pivot": [-25, 41, -5], "rotation": [0, 0, 2], "uv": [70, 90]},
						{"origin": [21.42498, 32.3, -6], "size": [10, 4, 3], "pivot": [22, 34, -5], "rotation": [0, 0, 13], "uv": [208, 124]},
						{"origin": [-31.42498, 32.3, -6], "size": [10, 4, 3], "pivot": [-22, 34, -5], "rotation": [0, 0, -13], "uv": [208, 117]},
						{"origin": [18.79159, 33.8964, -6], "size": [4, 4, 3], "pivot": [20, 35, -5], "rotation": [0, 0, 43], "uv": [22, 81]},
						{"origin": [-22.79159, 33.8964, -6], "size": [4, 4, 3], "pivot": [-20, 35, -5], "rotation": [0, 0, -43], "uv": [22, 74]},
						{"origin": [19.79159, 40.8964, -6], "size": [5, 4, 3], "pivot": [21, 42, -5], "rotation": [0, 0, 33], "uv": [104, 81]},
						{"origin": [-24.79159, 40.8964, -6], "size": [5, 4, 3], "pivot": [-21, 42, -5], "rotation": [0, 0, -33], "uv": [104, 74]},
						{"origin": [29.35834, 38.77849, -6], "size": [4, 4, 3], "pivot": [29, 39, -5], "rotation": [0, 0, -43], "uv": [0, 81]},
						{"origin": [-33.35834, 38.77849, -6], "size": [4, 4, 3], "pivot": [-29, 39, -5], "rotation": [0, 0, 43], "uv": [0, 74]},
						{"origin": [-16.82417, 24.43571, -13], "size": [6, 21, 16], "pivot": [-12, 44, -5], "rotation": [0, 0, -18], "uv": [152, 0]},
						{"origin": [11.97488, 43.9209, -13], "size": [5, 11, 16], "pivot": [17, 44, -5], "rotation": [0, 0, -45], "uv": [90, 185]},
						{"origin": [-16.97488, 43.9209, -13], "size": [5, 11, 16], "pivot": [-17, 44, -5], "rotation": [0, 0, 45], "uv": [180, 21]},
						{"origin": [-11, 43.14224, -17.29219], "size": [22, 8, 3], "pivot": [0, 44, -17], "rotation": [-31, 0, 0], "uv": [82, 55]},
						{"origin": [-11, 40.89725, 1.26312], "size": [22, 11, 5], "pivot": [0, 41, 7], "rotation": [21, 0, 0], "uv": [52, 177]},
						{"origin": [-11, 27, -15], "size": [22, 17.3, 4], "pivot": [0, 33, -13], "rotation": [14, 0, 0], "uv": [0, 175]},
						{"origin": [-11, 18.73266, -1.1773], "size": [22, 22.3, 4], "pivot": [0, 24, 3], "rotation": [-12, 0, 0], "uv": [114, 159]}
					]
				},
				{
					"name": "neck2",
					"parent": "body",
					"pivot": [0, 50, -6],
					"rotation": [-85, 0, 0],
					"cubes": [
						{"origin": [-7, 49.09246, -17.04918], "size": [14, 7, 14], "pivot": [0, 51.04587, -17.95434], "rotation": [5, 0, 0], "uv": [168, 96]},
						{"origin": [-7, 44, -16.96956], "size": [14, 7, 14], "pivot": [0, 50.69725, -13.96956], "rotation": [-15, 0, 0], "uv": [166, 166]},
						{"origin": [2.98481, 44.69725, -17.79591], "size": [4, 11, 14], "pivot": [5, 51.04587, -17.95434], "rotation": [0, 15, 0], "uv": [186, 117]},
						{"origin": [-6.98481, 44.69725, -17.79591], "size": [4, 11, 14], "pivot": [-5, 51.04587, -17.95434], "rotation": [0, -15, 0], "uv": [0, 74]}
					]
				},
				{
					"name": "neck",
					"parent": "neck2",
					"pivot": [0, 48, -11],
					"rotation": [45, 0, 0],
					"cubes": [
						{"origin": [-6, 47.8543, -19.84129], "size": [4, 10, 10], "pivot": [0, 50.02408, -21.05523], "rotation": [0, -5, 0], "uv": [196, 48]},
						{"origin": [2, 47.8543, -19.84129], "size": [4, 10, 10], "pivot": [0, 50.02408, -21.05523], "rotation": [0, 5, 0], "uv": [52, 90]},
						{"origin": [-5, 47.8543, -20.84129], "size": [10, 11, 11], "uv": [132, 185]}
					]
				},
				{
					"name": "head",
					"parent": "neck",
					"pivot": [0, 53.08826, -17.1985],
					"rotation": [40, 0, 0],
					"cubes": [
						{"origin": [-6, 47.08826, -33.1985], "size": [12, 6, 17], "pivot": [0, 47.08826, -33.1985], "rotation": [5, 0, 0], "uv": [56, 154]},
						{"origin": [-6, 47.08826, -36.1985], "size": [12, 5, 3], "uv": [0, 99]},
						{"origin": [-6, 47.08826, -37.1985], "size": [12, 3, 1], "uv": [166, 160]},
						{"origin": [-6, 53.08826, -31.1985], "size": [12, 5, 2], "uv": [72, 193]},
						{"origin": [-6, 53.08826, -33.1985], "size": [12, 2, 2], "uv": [97, 154]},
						{"origin": [-6, 53.08826, -29.1985], "size": [12, 6, 13], "uv": [130, 110]},
						{"origin": [-5, 59.08826, -29.1985], "size": [10, 1, 13], "uv": [173, 146]},
						{"origin": [-6, 59.55227, -35.95939], "size": [12, 2, 8], "pivot": [0, 60.08826, -28.1985], "rotation": [37, 0, 0], "uv": [0, 196]},
						{"origin": [-5, 54.80546, -43.63461], "size": [10, 2, 10], "pivot": [0, 55.08826, -34.1985], "rotation": [55, 0, 0], "uv": [42, 193]},
						{"origin": [2.91091, 58.71519, -28.5044], "size": [3, 2, 9], "pivot": [5, 58.08826, -28.1985], "rotation": [40, -5, -10], "uv": [145, 207]},
						{"origin": [-5.91091, 58.71519, -28.5044], "size": [3, 2, 9], "pivot": [-5, 58.08826, -28.1985], "rotation": [40, 5, 10], "uv": [42, 147]},
						{"origin": [-0.91091, 58.71519, -28.5044], "size": [3, 2, 9], "pivot": [0, 58.08826, -28.1985], "rotation": [40, 15, 15], "uv": [206, 142]},
						{"origin": [-2.08909, 58.71519, -28.5044], "size": [3, 2, 9], "pivot": [0, 58.08826, -28.1985], "rotation": [40, -15, -15], "uv": [116, 185]},
						{"origin": [-1.46163, 52.06684, -38.70573], "size": [11, 2, 10], "pivot": [5, 51.08826, -33.1985], "rotation": [30, 0, 65], "uv": [174, 187]},
						{"origin": [-9.53837, 52.06684, -38.70573], "size": [11, 2, 10], "pivot": [-5, 51.08826, -33.1985], "rotation": [30, 0, -65], "uv": [180, 0]},
						{"origin": [-1.46163, 52.06684, -28.70573], "size": [10, 2, 5], "pivot": [5, 51.08826, -33.1985], "rotation": [30, 0, 65], "uv": [137, 7]},
						{"origin": [-8.53837, 52.06684, -28.70573], "size": [10, 2, 5], "pivot": [-5, 51.08826, -33.1985], "rotation": [30, 0, -65], "uv": [137, 0]},
						{"origin": [7.812, 53.94525, -28.01353], "size": [6, 2, 5], "pivot": [10, 55.08826, -26.1985], "rotation": [30, -15, 60], "uv": [82, 212]},
						{"origin": [-13.812, 53.94525, -28.01353], "size": [6, 2, 5], "pivot": [-10, 55.08826, -26.1985], "rotation": [30, 15, -60], "uv": [18, 206]},
						{"origin": [6.29519, 56.6893, -27.65984], "size": [4, 2, 6], "pivot": [9, 58.08826, -26.1985], "rotation": [45, -35, 40], "uv": [132, 55]},
						{"origin": [-10.29519, 56.6893, -27.65984], "size": [4, 2, 6], "pivot": [-9, 58.08826, -26.1985], "rotation": [45, 35, -40], "uv": [57, 116]},
						{"origin": [8.812, 53.94525, -23.01353], "size": [4, 2, 5], "pivot": [10, 55.08826, -26.1985], "rotation": [30, -15, 60], "uv": [194, 212]},
						{"origin": [-12.812, 53.94525, -23.01353], "size": [4, 2, 5], "pivot": [-10, 55.08826, -26.1985], "rotation": [30, 15, -60], "uv": [104, 212]}
					]
				},
				{
					"name": "body2",
					"parent": "body",
					"pivot": [0, 11, -15],
					"rotation": [50, 0, 0],
					"cubes": [
						{"origin": [-11, -8.65685, -14.51472], "size": [22, 18, 13], "uv": [0, 116]}
					]
				},
				{
					"name": "body3",
					"parent": "body2",
					"pivot": [0, -10.17051, -13.74915],
					"rotation": [45, 0, 0],
					"cubes": [
						{"origin": [-11, -27.43464, -13.50944], "size": [22, 18, 11], "pivot": [0, -14.43464, -5.50944], "rotation": [-5, 0, 0], "uv": [0, 37]}
					]
				},
				{
					"name": "body4",
					"parent": "body3",
					"pivot": [0, -26.31782, -13.37524],
					"rotation": [-15, 0, 0],
					"cubes": [
						{"origin": [-11, -50.84629, -6.08099], "size": [22, 27, 10], "pivot": [0, -44.36925, -2.70446], "rotation": [25, 0, 0], "uv": [0, 0]}
					]
				},
				{
					"name": "body5",
					"parent": "body4",
					"pivot": [0, -46.39214, -0.17692],
					"rotation": [-13, 0, 0],
					"cubes": [
						{"origin": [-11, -75.71519, -0.38714], "size": [22, 30, 8], "pivot": [0, -68.49697, -0.97653], "rotation": [5, 0, 0], "uv": [70, 116]}
					]
				},
				{
					"name": "body6",
					"parent": "body5",
					"pivot": [0, -74.15799, 2.47978],
					"rotation": [30, 0, 0],
					"cubes": [
						{"origin": [-11, -97.08187, 2.24332], "size": [22, 23, 6], "pivot": [0, -96.26281, 1.68016], "rotation": [5, 0, 0], "uv": [130, 130]}
					]
				},
				{
					"name": "body7",
					"parent": "body6",
					"pivot": [0, -95.48893, 3.89071],
					"rotation": [15, 0, 0],
					"cubes": [
						{"origin": [-11, -106.41282, 4.65425], "size": [22, 11, 5], "pivot": [0, -117.59376, 3.09109], "rotation": [5, 0, 0], "uv": [165, 74]},
						{"origin": [7, -123.41282, 4.65425], "size": [4, 17, 5], "pivot": [0, -117.59376, 3.09109], "rotation": [5, 0, 0], "uv": [0, 206]},
						{"origin": [-11, -123.41282, 4.65425], "size": [4, 17, 5], "pivot": [0, -117.59376, 3.09109], "rotation": [5, 0, 0], "uv": [64, 205]},
						{"origin": [2.7, -120.41282, 4.65425], "size": [4, 14, 5], "pivot": [0, -117.59376, 3.09109], "rotation": [5, 0, 0], "uv": [127, 207]},
						{"origin": [-6.7, -120.41282, 4.65425], "size": [4, 14, 5], "pivot": [0, -117.59376, 3.09109], "rotation": [5, 0, 0], "uv": [206, 12]},
						{"origin": [-2.5, -130.41282, 4.65425], "size": [5, 24, 5], "pivot": [0, -117.59376, 3.09109], "rotation": [5, 0, 0], "uv": [174, 199]}
					]
				},
				{
					"name": "back",
					"parent": "body",
					"pivot": [0, 46, 5],
					"rotation": [60, 0, 0],
					"cubes": [
						{"origin": [-5, 45, 3], "size": [8, 3, 36], "pivot": [0, 46, 5], "rotation": [0, -5, 0], "uv": [52, 77]},
						{"origin": [-3, 45, 3], "size": [8, 3, 36], "pivot": [0, 46, 5], "rotation": [0, 5, 0], "uv": [0, 74]},
						{"origin": [-2.8, 45, 44.14886], "size": [5.5, 3, 7], "uv": [206, 187]},
						{"origin": [-7.8661, 45, 37.14886], "size": [7, 3, 10], "pivot": [-7, 46, 38], "rotation": [0, 35, 0], "uv": [30, 205]},
						{"origin": [0.8661, 45, 37.14886], "size": [7, 3, 10], "pivot": [7, 46, 38], "rotation": [0, -35, 0], "uv": [194, 199]}
					]
				},
				{
					"name": "back2",
					"parent": "body",
					"pivot": [9, 45, 5],
					"rotation": [60, 5, 15],
					"cubes": [
						{"origin": [4, 44, 3], "size": [8, 3, 36], "pivot": [9, 45, 5], "rotation": [0, -5, 0], "uv": [52, 77]},
						{"origin": [6, 44, 3], "size": [8, 3, 36], "pivot": [9, 45, 5], "rotation": [0, 5, 0], "uv": [0, 74]},
						{"origin": [6.2, 44, 44.14886], "size": [5.5, 3, 7], "uv": [206, 187]},
						{"origin": [1.1339, 44, 37.14886], "size": [7, 3, 10], "pivot": [2, 45, 38], "rotation": [0, 35, 0], "uv": [30, 205]},
						{"origin": [9.8661, 44, 37.14886], "size": [7, 3, 10], "pivot": [16, 45, 38], "rotation": [0, -35, 0], "uv": [194, 199]}
					]
				},
				{
					"name": "back4",
					"parent": "body",
					"pivot": [-9, 45, 5],
					"rotation": [60, -5, -15],
					"cubes": [
						{"origin": [-12, 44, 3], "size": [8, 3, 36], "pivot": [-9, 45, 5], "rotation": [0, 5, 0], "uv": [52, 77], "mirror": true},
						{"origin": [-14, 44, 3], "size": [8, 3, 36], "pivot": [-9, 45, 5], "rotation": [0, -5, 0], "uv": [0, 74], "mirror": true},
						{"origin": [-11.7, 44, 44.14886], "size": [5.5, 3, 7], "uv": [206, 187], "mirror": true},
						{"origin": [-8.1339, 44, 37.14886], "size": [7, 3, 10], "pivot": [-2, 45, 38], "rotation": [0, -35, 0], "uv": [30, 205], "mirror": true},
						{"origin": [-16.8661, 44, 37.14886], "size": [7, 3, 10], "pivot": [-16, 45, 38], "rotation": [0, 35, 0], "uv": [194, 199], "mirror": true}
					]
				},
				{
					"name": "back3",
					"parent": "body",
					"pivot": [16, 41, 3],
					"rotation": [60, 15, 30],
					"cubes": [
						{"origin": [11, 40, 1], "size": [8, 3, 36], "pivot": [16, 41, 3], "rotation": [0, -5, 0], "uv": [52, 77]},
						{"origin": [13, 40, 1], "size": [8, 3, 36], "pivot": [16, 41, 3], "rotation": [0, 5, 0], "uv": [0, 74]},
						{"origin": [13, 40, -11], "size": [8, 3, 12], "pivot": [16, 41, 3], "rotation": [0, 5, 0], "uv": [0, 241]},
						{"origin": [13.2, 40, 42.14886], "size": [5.5, 3, 7], "uv": [206, 187]},
						{"origin": [8.1339, 40, 35.14886], "size": [7, 3, 10], "pivot": [9, 41, 36], "rotation": [0, 35, 0], "uv": [30, 205]},
						{"origin": [16.8661, 40, 35.14886], "size": [7, 3, 10], "pivot": [23, 41, 36], "rotation": [0, -35, 0], "uv": [194, 199]}
					]
				},
				{
					"name": "back5",
					"parent": "body",
					"pivot": [-16, 41, 3],
					"rotation": [60, -15, -30],
					"cubes": [
						{"origin": [-19, 40, 1], "size": [8, 3, 36], "pivot": [-16, 41, 3], "rotation": [0, 5, 0], "uv": [52, 77], "mirror": true},
						{"origin": [-21, 40, 1], "size": [8, 3, 36], "pivot": [-16, 41, 3], "rotation": [0, -5, 0], "uv": [0, 74], "mirror": true},
						{"origin": [-21, 40, -11], "size": [8, 3, 12], "pivot": [-16, 41, 3], "rotation": [0, -5, 0], "uv": [0, 241], "mirror": true},
						{"origin": [-18.7, 40, 42.14886], "size": [5.5, 3, 7], "uv": [206, 187], "mirror": true},
						{"origin": [-15.1339, 40, 35.14886], "size": [7, 3, 10], "pivot": [-9, 41, 36], "rotation": [0, -35, 0], "uv": [30, 205], "mirror": true},
						{"origin": [-23.8661, 40, 35.14886], "size": [7, 3, 10], "pivot": [-23, 41, 36], "rotation": [0, 35, 0], "uv": [194, 199], "mirror": true}
					]
				},
				{
					"name": "wave",
					"parent": "zygarde",
					"pivot": [0, 0, 0],
					"cubes": [
						{"origin": [-8, 0, -8], "size": [16, 0, 16], "uv": [36, 74]}
					]
				},
				{
					"name": "core",
					"parent": "zygarde",
					"pivot": [0, 24, -28],
					"cubes": [
						{"origin": [-7, 17, -34], "size": [14, 14, 14], "uv": [0, 147]}
					]
				},
				{
					"name": "enforcer",
					"parent": "zygarde",
					"pivot": [0, 24, -31],
					"cubes": [
						{"origin": [-4, 20, -96], "size": [8, 8, 66], "uv": [0, 0]}
					]
				}
			]
		}
	]
}