{
	"format_version" : "1.10.0",
	"animation_controllers" : {
		"controller.animation.zygarde.arm_movement" : {
			"initial_state" : "default",
			"states" : {
				"attack" : {
					"animations" : [ "attack" ],
					"transitions" : [
						{
							"default" : "query.is_delayed_attacking == 0.0"
						}
					]
				},
				"default" : {
					"animations" : [ "move" ],
					"transitions" : [
						{
							"attack" : "query.is_delayed_attacking == 1"
						},
						{
							"flower" : "variable.offer_flower_tick"
						}
					]
				},
				"flower" : {
					"animations" : [ "flower" ],
					"transitions" : [
						{
							"attack" : "query.is_delayed_attacking == 0.0"
						},
						{
							"default" : "variable.offer_flower_tick"
						}
					]
				}
			}
		},
		"controller.animation.zygarde.move" : {
			"initial_state" : "default",
			"states" : {
				"default" : {
					"animations" : [
						{
							"walk" : "query.modified_move_speed"
						},
						"look_at_target"
					]
				}
			}
		}
	}
}
